City_ID,City,Country,Date,Lat,Lng,Max Temp,Humidity,Cloudiness,Wind Speed
0,Avarua,CK,2022-12-01 01:40:43,-21.2078,-159.775,82.45,74,40,16.11
1,Port Alfred,ZA,2022-12-01 01:35:51,-33.5906,26.891,65.17,94,100,0.67
2,New Norfolk,AU,2022-12-01 01:40:43,-42.7826,147.0587,60.71,32,13,1.32
3,Sur,OM,2022-12-01 01:40:44,22.5667,59.5289,71.87,57,80,1.68
4,Presidencia Roque Saenz Pena,AR,2022-12-01 01:40:45,-26.7852,-60.4388,79.86,39,52,5.03
5,Punta Arenas,CL,2022-12-01 01:40:45,-53.15,-70.9167,50.11,53,20,37.98
6,Barrow,US,2022-12-01 01:38:57,71.2906,-156.7887,28.42,86,100,6.91
7,Nanortalik,GL,2022-12-01 01:36:24,60.1432,-45.2371,26.91,78,62,32.66
8,Hilo,US,2022-12-01 01:40:46,19.7297,-155.09,86.29,81,0,9.22
9,Saint-Francois,FR,2022-12-01 01:40:46,46.4154,3.9054,42.24,93,100,4.61
10,Viedma,AR,2022-12-01 01:36:22,-40.8135,-62.9967,55.9,67,53,10.4
11,Ulaanbaatar,MN,2022-12-01 01:40:19,47.9077,106.8832,-27.27,68,0,0.0
12,Qaanaaq,GL,2022-12-01 01:40:47,77.484,-69.3632,-22.56,82,17,3.29
13,Ushuaia,AR,2022-12-01 01:40:47,-54.8,-68.3,47.86,57,20,12.66
14,Airai,TL,2022-12-01 01:40:48,-8.9266,125.4092,72.03,67,82,2.15
15,Rikitea,PF,2022-12-01 01:40:48,-23.1203,-134.9692,73.08,73,72,13.13
16,Qaqortoq,GL,2022-12-01 01:40:49,60.7167,-46.0333,19.22,83,53,5.86
17,San Miguel De Sema,CO,2022-12-01 01:40:49,5.5178,-73.7221,51.93,88,96,2.71
18,Nikolskoye,RU,2022-12-01 01:40:49,59.7035,30.7861,22.91,89,97,3.38
19,Esperance,AU,2022-12-01 01:40:50,-33.8667,121.9,82.54,36,0,13.44
20,Bredasdorp,ZA,2022-12-01 01:40:50,-34.5322,20.0403,62.78,81,93,3.74
21,Port Elizabeth,ZA,2022-12-01 01:40:50,-33.918,25.5701,64.09,91,0,1.14
22,Kapaa,US,2022-12-01 01:39:08,22.0752,-159.319,82.72,71,0,20.71
23,Ponta Do Sol,PT,2022-12-01 01:40:51,32.6667,-17.1,69.71,75,71,9.31
24,Asau,RO,2022-12-01 01:40:51,46.4333,26.4,31.28,96,100,2.77
25,Klaksvik,FO,2022-12-01 01:40:52,62.2266,-6.589,49.12,97,100,30.04
26,Marzuq,YE,2022-12-01 01:40:52,14.4,46.4667,58.93,64,0,1.88
27,Iracoubo,GF,2022-12-01 01:40:22,5.4802,-53.2011,76.01,88,90,8.12
28,Cap Malheureux,MU,2022-12-01 01:40:53,-19.9842,57.6142,72.46,75,62,1.99
29,Katsuura,JP,2022-12-01 01:40:53,35.1333,140.3,51.82,83,100,16.67
30,Port-Gentil,GA,2022-12-01 01:40:53,-0.7193,8.7815,78.66,84,100,9.91
31,Raudeberg,NO,2022-12-01 01:40:54,61.9875,5.1352,41.67,72,9,8.55
32,Shimoda,JP,2022-12-01 01:40:54,34.6667,138.95,55.76,87,100,12.64
33,Palauig,PH,2022-12-01 01:40:54,15.435,119.9045,86.77,58,18,1.34
34,Acapulco,MX,2022-12-01 01:40:40,16.8634,-99.8901,80.42,78,100,0.0
35,Sioux Lookout,CA,2022-12-01 01:40:55,50.1001,-91.917,14.07,79,100,16.11
36,Bluff,NZ,2022-12-01 01:37:38,-46.6,168.3333,50.81,64,44,20.78
37,Malartic,CA,2022-12-01 01:40:55,48.1335,-78.1328,28.51,74,99,13.78
38,Paramonga,PE,2022-12-01 01:40:56,-10.6667,-77.8333,67.01,85,98,8.08
39,Bethel,US,2022-12-01 01:40:56,41.3712,-73.414,53.96,58,100,11.5
40,Lucban,PH,2022-12-01 01:41:56,14.1133,121.5569,74.25,89,100,9.35
41,Kahului,US,2022-12-01 01:40:41,20.8947,-156.47,80.96,77,40,13.8
42,Chokurdakh,RU,2022-12-01 01:39:01,70.6333,147.9167,-3.3,96,100,8.43
43,Busselton,AU,2022-12-01 01:41:57,-33.65,115.3333,70.12,61,69,7.81
44,Tuatapere,NZ,2022-12-01 01:41:57,-46.1333,167.6833,57.31,61,72,13.15
45,Tuktoyaktuk,CA,2022-12-01 01:37:37,69.4541,-133.0374,1.4,85,75,9.22
46,Albany,US,2022-12-01 01:41:42,42.6001,-73.9662,41.65,72,52,12.21
47,Saint-Philippe,RE,2022-12-01 01:41:58,-21.3585,55.7679,72.99,78,32,7.85
48,Tateyama,JP,2022-12-01 01:39:34,34.9833,139.8667,55.09,83,99,15.68
49,Bengkulu,ID,2022-12-01 01:41:58,-3.8004,102.2655,80.08,70,93,2.64
50,Caronport,CA,2022-12-01 01:41:59,50.4501,-105.8179,1.6,92,100,16.28
51,Hermanus,ZA,2022-12-01 01:41:59,-34.4187,19.2345,57.79,83,100,2.73
52,Cidreira,BR,2022-12-01 01:41:59,-30.1811,-50.2056,70.36,95,100,19.84
53,Kununurra,AU,2022-12-01 01:40:55,-15.7667,128.7333,93.18,31,95,5.75
54,Tiksi,RU,2022-12-01 01:37:40,71.6872,128.8694,-12.12,99,100,15.08
55,Muli,MV,2022-12-01 01:42:00,2.9167,73.5667,80.76,69,30,2.77
56,Tasiilaq,GL,2022-12-01 01:42:00,65.6145,-37.6368,37.56,92,96,15.08
57,Arlit,NE,2022-12-01 01:42:01,18.7369,7.3853,67.28,24,5,6.31
58,Mataura,NZ,2022-12-01 01:42:01,-46.1927,168.8643,50.49,67,92,8.34
59,Hobart,AU,2022-12-01 01:37:08,-42.8794,147.3294,61.05,51,75,10.36
60,Kalemie,CD,2022-12-01 01:42:02,-5.9475,29.1947,71.76,77,100,4.25
61,Jamestown,US,2022-12-01 01:42:02,42.097,-79.2353,29.79,83,100,15.99
62,Castro,BR,2022-12-01 01:42:03,-24.7911,-50.0119,59.7,98,57,4.36
63,Atuona,PF,2022-12-01 01:42:03,-9.8,-139.0333,78.1,74,83,12.41
64,Nantucket,US,2022-12-01 01:42:03,41.2835,-70.0995,59.14,94,100,23.02
65,Krasnoselkup,RU,2022-12-01 01:42:04,65.7,82.4667,-1.35,97,100,10.65
66,Tefe,BR,2022-12-01 01:42:04,-3.3542,-64.7114,76.41,92,81,3.42
67,Meulaboh,ID,2022-12-01 01:39:48,4.1363,96.1285,78.58,83,100,2.93
68,Vaini,TO,2022-12-01 01:37:40,-21.2,-175.2,84.36,79,75,8.05
69,Kabanjahe,ID,2022-12-01 01:42:05,3.1001,98.4908,68.74,87,100,2.28
70,Puerto Ayora,EC,2022-12-01 01:42:05,-0.7393,-90.3518,68.56,94,60,5.99
71,Saskylakh,RU,2022-12-01 01:40:13,71.9167,114.0833,-28.25,98,100,8.32
72,Yellowknife,CA,2022-12-01 01:41:10,62.456,-114.3525,-21.44,76,40,4.61
73,Ostrovnoy,RU,2022-12-01 01:42:06,68.0531,39.5131,24.19,89,100,6.4
74,Iqaluit,CA,2022-12-01 01:42:06,63.7506,-68.5145,-20.31,68,0,15.01
75,Cape Town,ZA,2022-12-01 01:37:07,-33.9258,18.4232,70.38,81,75,8.05
76,Vardo,NO,2022-12-01 01:37:37,70.3705,31.1107,31.98,86,100,6.91
77,Mecca,SA,2022-12-01 01:42:07,21.4267,39.8261,76.55,73,3,1.95
78,Maarianhamina,AX,2022-12-01 01:42:07,60.0973,19.9348,35.46,100,0,3.44
79,Upernavik,GL,2022-12-01 01:42:07,72.7868,-56.1549,7.18,91,100,19.77
80,Borogontsy,RU,2022-12-01 01:42:08,62.6683,131.1683,-26.79,95,100,3.38
81,Trairi,BR,2022-12-01 01:41:20,-3.2778,-39.2689,78.78,73,48,9.15
82,The Valley,AI,2022-12-01 01:42:08,18.217,-63.0578,79.83,83,20,6.91
83,Ribeira Grande,PT,2022-12-01 01:42:09,38.5167,-28.7,62.78,77,8,3.58
84,Namibe,AO,2022-12-01 01:42:09,-15.1961,12.1522,68.77,79,99,7.11
85,Ayan,RU,2022-12-01 01:42:09,56.45,138.1667,-4.41,82,100,23.71
86,Lagoa,PT,2022-12-01 01:42:10,39.05,-27.9833,61.48,75,0,6.15
87,Pacific Grove,US,2022-12-01 01:38:31,36.6177,-121.9166,53.28,74,0,4.61
88,Seydi,TM,2022-12-01 01:43:10,39.4816,62.9137,33.71,49,100,9.51
89,Torbay,CA,2022-12-01 01:39:38,47.6666,-52.7314,23.5,86,0,5.75
90,Vao,NC,2022-12-01 01:43:11,-22.6667,167.4833,79.61,79,31,7.0
91,Talnakh,RU,2022-12-01 01:38:18,69.4865,88.3972,-3.26,100,98,4.32
92,Khatanga,RU,2022-12-01 01:43:11,71.9667,102.5,-23.57,94,100,8.08
93,Springbok,ZA,2022-12-01 01:43:12,-29.6643,17.8865,61.14,46,3,0.51
94,Tingi,TZ,2022-12-01 01:43:12,-11.3,35.0333,63.01,92,100,4.41
95,Seoul,KR,2022-12-01 01:40:14,37.5683,126.9778,25.99,26,0,6.91
96,Tuy Hoa,VN,2022-12-01 01:43:13,13.0833,109.3,79.72,86,85,12.17
97,Avera,US,2022-12-01 01:43:13,33.194,-82.5271,53.11,50,0,12.3
98,Sao Filipe,CV,2022-12-01 01:43:14,14.8961,-24.4956,75.16,65,100,8.97
99,Richards Bay,ZA,2022-12-01 01:40:10,-28.783,32.0377,65.05,90,100,7.47
100,Butaritari,KI,2022-12-01 01:43:14,3.0707,172.7902,81.55,76,30,12.91
101,Chateaubelair,VC,2022-12-01 01:43:14,13.2833,-61.25,77.29,79,12,12.86
102,Upata,VE,2022-12-01 01:43:15,8.0086,-62.3989,74.19,96,6,3.38
103,Opuwo,NA,2022-12-01 01:43:15,-18.0607,13.84,70.48,49,63,3.74
104,Morro Bay,US,2022-12-01 01:38:17,35.3658,-120.8499,57.18,79,100,2.01
105,Poum,NC,2022-12-01 01:43:16,-20.2333,164.0167,81.9,81,100,15.57
106,Okhotsk,RU,2022-12-01 01:43:16,59.3833,143.3,-2.02,98,100,12.73
107,Kalofer,BG,2022-12-01 01:43:16,42.6167,24.9833,36.88,100,100,2.01
108,Georgetown,MY,2022-12-01 01:40:30,5.4112,100.3354,82.33,87,20,9.22
109,La Libertad,EC,2022-12-01 01:43:17,-2.2333,-80.9,71.64,81,87,9.75
110,Acara,BR,2022-12-01 01:43:17,-1.9608,-48.1967,73.22,96,97,3.27
111,Chapleau,CA,2022-12-01 01:42:08,47.8405,-83.4034,23.09,80,100,14.97
112,Banda Aceh,ID,2022-12-01 01:43:18,5.5577,95.3222,81.07,73,100,1.63
113,Ratnagiri,IN,2022-12-01 01:43:18,16.9833,73.3,71.92,45,48,6.42
114,Vila Velha,BR,2022-12-01 01:43:19,-20.3297,-40.2925,76.95,97,100,6.91
115,Alice Springs,AU,2022-12-01 01:43:19,-23.7,133.8833,81.95,17,0,11.5
116,Hampton,US,2022-12-01 01:41:27,37.0299,-76.3452,62.62,70,75,18.41
117,Spearfish,US,2022-12-01 01:43:16,44.4908,-103.8594,25.09,51,0,4.61
118,Lebu,CL,2022-12-01 01:43:20,-37.6167,-73.65,53.15,76,0,22.01
119,Dikson,RU,2022-12-01 01:43:20,73.5069,80.5464,22.6,95,100,13.33
120,Carnarvon,AU,2022-12-01 01:40:58,-24.8667,113.6333,75.09,63,7,9.22
121,Chimoio,MZ,2022-12-01 01:43:21,-19.1164,33.4833,64.26,100,40,3.89
122,Ust-Tsilma,RU,2022-12-01 01:43:21,65.441,52.1498,-5.01,100,100,3.29
123,Genhe,CN,2022-12-01 01:43:21,50.7833,121.5167,-19.88,90,39,4.14
124,Tombouctou,ML,2022-12-01 01:43:22,20.0,-3.0,67.21,21,99,10.71
125,Ilulissat,GL,2022-12-01 01:43:22,69.2167,-51.1,23.02,80,100,24.16
126,North Bend,US,2022-12-01 01:43:22,43.4065,-124.2243,47.07,94,100,9.22
127,Katangli,RU,2022-12-01 01:43:23,51.7102,143.2326,-0.8,82,27,12.5
128,Riyadh,SA,2022-12-01 01:41:38,24.6877,46.7219,62.74,35,100,8.41
129,Sitka,US,2022-12-01 01:43:23,57.0531,-135.33,26.49,33,0,3.44
130,Harper,LR,2022-12-01 01:43:24,4.375,-7.7169,76.8,87,100,3.04
131,Madimba,TZ,2022-12-01 01:43:24,-10.4,40.3333,75.42,89,27,4.83
132,Namatanai,PG,2022-12-01 01:43:24,-3.6667,152.4333,86.7,62,87,6.08
133,Saldanha,ZA,2022-12-01 01:39:46,-33.0117,17.9442,62.65,92,100,6.71
134,Kavieng,PG,2022-12-01 01:43:36,-2.5744,150.7967,84.79,66,97,4.29
135,Amapa,BR,2022-12-01 01:44:25,1.0,-52.0,71.35,98,100,2.46
136,Oistins,BB,2022-12-01 01:42:20,13.0667,-59.5333,78.89,78,40,9.22
137,Lavrentiya,RU,2022-12-01 01:44:26,65.5833,-171.0,18.99,92,85,6.85
138,Burdur,TR,2022-12-01 01:44:26,37.7203,30.2908,43.5,100,40,0.0
139,Desaguadero,PE,2022-12-01 01:44:26,-16.5656,-69.0417,49.39,23,0,7.43
140,Hofn,IS,2022-12-01 01:44:27,64.2539,-15.2082,47.62,87,89,15.99
141,College,US,2022-12-01 01:44:27,64.8569,-147.8028,6.21,80,100,0.0
142,Sungairaya,ID,2022-12-01 01:44:28,0.7,108.9,81.95,77,99,2.62
143,Mount Isa,AU,2022-12-01 01:44:28,-20.7333,139.5,89.37,17,0,16.11
144,Norman Wells,CA,2022-12-01 01:44:28,65.282,-126.8329,-9.36,77,100,2.3
145,Biryusinsk,RU,2022-12-01 01:44:29,55.9634,97.8235,-0.22,93,100,16.51
146,Tiznit,MA,2022-12-01 01:41:37,29.5833,-9.5,54.0,76,93,2.24
147,Severo-Kurilsk,RU,2022-12-01 01:44:29,50.6789,156.125,29.57,67,98,24.47
148,Cockburn Town,TC,2022-12-01 01:41:41,21.4612,-71.1419,81.14,67,58,19.84
149,Souillac,MU,2022-12-01 01:44:30,-20.5167,57.5167,70.18,94,75,3.44
150,Amherst,US,2022-12-01 01:44:30,41.3978,-82.2224,31.48,68,100,21.99
151,Ancud,CL,2022-12-01 01:44:31,-41.8697,-73.8203,46.22,79,3,6.35
152,Placerville,US,2022-12-01 01:44:31,38.7296,-120.7986,47.43,69,100,3.44
153,Kieta,PG,2022-12-01 01:44:31,-6.2167,155.6333,83.48,76,99,6.91
154,Hambantota,LK,2022-12-01 01:44:32,6.1241,81.1185,73.74,100,20,2.3
155,East London,ZA,2022-12-01 01:40:17,-33.0153,27.9116,70.39,90,100,1.99
156,Zeya,RU,2022-12-01 01:44:32,53.75,127.2667,-10.39,77,7,3.27
157,Ouadda,CF,2022-12-01 01:44:33,8.0777,22.4007,71.98,67,100,3.02
158,Pevek,RU,2022-12-01 01:44:33,69.7008,170.3133,9.09,91,100,4.47
159,Kodiak,US,2022-12-01 01:44:33,57.79,-152.4072,26.11,74,0,4.61
160,Nishihara,JP,2022-12-01 01:44:34,26.1842,127.7558,67.28,77,75,18.41
161,Yar-Sale,RU,2022-12-01 01:44:34,66.8333,70.8333,-8.54,99,8,6.22
162,Liverpool,GB,2022-12-01 01:44:34,53.4106,-2.9779,43.34,94,75,5.75
163,Vera Cruz,BR,2022-12-01 01:42:55,-12.6333,-41.0333,72.97,92,58,2.26
164,Port Blair,IN,2022-12-01 01:44:35,11.6667,92.75,82.44,83,40,3.44
165,Savelugu,GH,2022-12-01 01:44:35,9.6244,-0.8253,78.93,25,17,5.19
166,Qasigiannguit,GL,2022-12-01 01:44:36,68.8193,-51.1922,23.25,95,100,4.29
167,Haines Junction,CA,2022-12-01 01:44:36,60.7522,-137.5108,0.18,84,98,1.45
168,Westport,US,2022-12-01 01:44:36,41.1415,-73.3579,53.64,68,100,24.16
169,Tecoanapa,MX,2022-12-01 01:44:37,16.5167,-98.75,79.72,77,99,1.48
170,Spencer,US,2022-12-01 01:44:37,43.1414,-95.1444,11.71,67,0,5.75
171,Port Hedland,AU,2022-12-01 01:44:37,-20.3167,118.5667,91.45,58,10,10.36
172,Lima,PE,2022-12-01 01:40:27,-12.0432,-77.0282,68.25,68,0,12.66
173,Cherskiy,RU,2022-12-01 01:44:38,68.75,161.3,11.08,95,100,6.31
174,Thompson,CA,2022-12-01 01:44:38,55.7435,-97.8558,-18.24,76,0,9.22
175,Buraydah,SA,2022-12-01 01:44:39,26.326,43.975,63.05,58,99,12.88
176,Lokosovo,RU,2022-12-01 01:44:39,61.1333,74.8167,-17.21,99,41,1.19
177,Hamilton,US,2022-12-01 01:44:40,39.1834,-84.5333,33.44,63,0,14.97
178,Bafoussam,CM,2022-12-01 01:44:40,5.4737,10.4179,59.47,67,97,2.08
179,Senno,RU,2022-12-01 01:44:40,59.5336,33.9167,14.22,87,66,4.34
180,Manyana,BW,2022-12-01 01:44:41,-23.4,21.7167,70.92,30,5,7.38
181,Kalevala,RU,2022-12-01 01:45:42,65.2,31.1667,24.1,97,100,4.09
182,San Cristobal,VE,2022-12-01 01:45:42,7.7669,-72.225,68.18,96,53,4.29
183,Yokadouma,CM,2022-12-01 01:45:42,3.5167,15.05,67.55,99,100,1.99
184,Leh,IN,2022-12-01 01:45:43,34.1667,77.5833,16.59,59,47,1.01
185,Guerrero Negro,MX,2022-12-01 01:45:43,27.9769,-114.0611,59.68,74,13,11.48
186,Tam Ky,VN,2022-12-01 01:45:43,15.5667,108.4833,79.77,78,52,2.98
187,Belaya Gora,RU,2022-12-01 01:45:44,68.5333,146.4167,-15.97,100,100,2.44
188,Isangel,VU,2022-12-01 01:45:44,-19.55,169.2667,85.41,67,91,10.69
189,Tura,IN,2022-12-01 01:45:45,25.5198,90.2201,67.03,76,1,2.21
190,Hirna,ET,2022-12-01 01:45:45,9.2167,41.1,54.52,59,0,0.94
191,Khomeyn,IR,2022-12-01 01:45:45,33.6423,50.0789,41.25,64,21,1.92
192,Mersing,MY,2022-12-01 01:45:46,2.4312,103.8405,78.71,89,40,5.75
193,Lawigan,PH,2022-12-01 01:45:46,10.487,122.0354,85.33,65,96,16.93
194,Coquimbo,CL,2022-12-01 01:45:46,-29.9533,-71.3436,62.33,82,100,5.75
195,Noumea,NC,2022-12-01 01:43:23,-22.2763,166.4572,94.98,78,43,6.91
196,Calama,CL,2022-12-01 01:45:01,-22.4667,-68.9333,55.89,30,0,13.8
197,Coihaique,CL,2022-12-01 01:45:47,-45.5752,-72.0662,49.95,53,0,4.61
198,Saint George,US,2022-12-01 01:42:19,37.1041,-113.5841,50.95,32,0,7.0
199,Khomutovo,RU,2022-12-01 01:45:48,52.4658,104.4025,-1.39,95,99,3.15
200,Shingu,JP,2022-12-01 01:45:48,33.7333,135.9833,52.97,49,80,3.69
201,Hithadhoo,MV,2022-12-01 01:45:48,-0.6,73.0833,80.94,69,65,7.34
202,Bud,US,2022-12-01 01:45:49,39.447,-86.1758,30.45,70,0,13.58
203,Qadirpur Ran,PK,2022-12-01 01:45:49,30.2924,71.6712,51.69,25,5,2.8
204,Tautira,PF,2022-12-01 01:45:50,-17.7333,-149.15,78.53,82,26,14.05
205,San Patricio,US,2022-12-01 01:45:50,28.017,-97.5169,59.85,57,3,10.87
206,Kalmunai,LK,2022-12-01 01:45:51,7.4167,81.8167,77.97,84,100,2.89
207,Rio Grande,BR,2022-12-01 01:45:51,-32.035,-52.0986,70.88,91,95,16.84
208,Bambanglipuro,ID,2022-12-01 01:45:51,-7.95,110.2833,82.26,67,100,5.75
209,Mar Del Plata,AR,2022-12-01 01:45:52,-38.0023,-57.5575,64.09,99,100,12.66
210,Kodinsk,RU,2022-12-01 01:45:52,58.6881,99.1844,1.74,95,100,8.19
211,Anadyr,RU,2022-12-01 01:45:52,64.75,177.4833,32.5,80,20,29.08
212,Sibu,MY,2022-12-01 01:45:53,2.3,111.8167,79.11,83,40,5.01
213,Arraial Do Cabo,BR,2022-12-01 01:45:53,-22.9661,-42.0278,74.23,91,100,24.05
214,Abha,SA,2022-12-01 01:41:01,18.2164,42.5053,50.25,87,0,0.0
215,Ahipara,NZ,2022-12-01 01:43:44,-35.1667,173.1667,63.28,65,98,14.63
216,Zyryanka,RU,2022-12-01 01:45:54,65.75,150.85,-16.04,96,100,10.09
217,Roebourne,AU,2022-12-01 01:45:54,-20.7833,117.1333,94.32,29,8,6.08
218,Mount Gambier,AU,2022-12-01 01:44:07,-37.8333,140.7667,66.51,56,46,10.42
219,Sumenep,ID,2022-12-01 01:45:55,-7.0167,113.8667,84.02,69,58,5.77
220,Bilibino,RU,2022-12-01 01:45:55,68.0546,166.4372,10.72,93,100,5.26
221,Muisne,EC,2022-12-01 01:45:55,0.6,-80.0333,75.29,80,99,7.7
222,Constitucion,CL,2022-12-01 01:45:56,-35.3333,-72.4167,54.07,80,0,12.93
223,Dukhovnitskoye,RU,2022-12-01 01:46:56,52.4828,48.2137,19.63,87,31,6.58
224,Kailua,US,2022-12-01 01:46:57,21.4022,-157.7394,85.41,77,78,4.0
225,Tambo,PE,2022-12-01 01:46:57,-14.8,-73.9167,36.0,69,88,7.14
226,Ryotsu,JP,2022-12-01 01:46:57,38.0833,138.4333,40.28,96,100,9.64
227,Tabuny,RU,2022-12-01 01:46:58,52.7773,78.7896,-5.76,86,27,8.16
228,Aksu,CN,2022-12-01 01:46:58,41.1231,80.2644,15.3,20,26,3.69
229,Staraya Mayna,RU,2022-12-01 01:46:58,54.6,48.95,12.31,94,26,2.26
230,Ruteng,ID,2022-12-01 01:46:59,-8.6136,120.4721,76.21,57,65,2.46
231,Yueyang,CN,2022-12-01 01:46:59,29.3333,113.0919,30.11,84,100,11.92
232,Flin Flon,CA,2022-12-01 01:42:33,54.7682,-101.865,-10.84,92,100,4.41
233,Boali,CF,2022-12-01 01:47:00,4.8005,18.1275,69.85,98,100,1.25
234,Kawambwa,ZM,2022-12-01 01:47:00,-9.7915,29.0791,61.03,98,96,3.22
235,Bagotville,AU,2022-12-01 01:47:00,-28.9833,153.4167,60.85,99,100,17.83
236,Te Anau,NZ,2022-12-01 01:47:01,-45.4167,167.7167,62.56,40,38,6.64
237,Dali,CN,2022-12-01 01:47:01,25.7,100.1833,55.69,70,5,3.29
238,Vostok,RU,2022-12-01 01:47:02,46.4856,135.8833,-3.77,89,100,13.27
239,Zalantun,CN,2022-12-01 01:47:02,48.0,122.7167,-1.91,64,10,11.18
240,Smithers,CA,2022-12-01 01:47:03,54.7804,-127.1743,8.92,43,40,9.22
241,Abbotsford,CA,2022-12-01 01:44:24,49.058,-122.2526,36.16,89,40,4.61
242,Baruun-Urt,MN,2022-12-01 01:44:04,46.6806,113.2792,-5.53,71,1,13.56
243,Tilichiki,RU,2022-12-01 01:47:04,60.4667,166.1,32.31,98,100,27.13
244,Lompoc,US,2022-12-01 01:47:04,34.6391,-120.4579,56.79,84,100,5.75
245,Zhigansk,RU,2022-12-01 01:47:05,66.7697,123.3711,-29.63,98,84,7.83
246,Fortuna,US,2022-12-01 01:47:05,40.5982,-124.1573,49.35,93,100,16.11
247,Laguna,US,2022-12-01 01:47:05,38.421,-121.4238,55.38,61,0,4.61
248,Provideniya,RU,2022-12-01 01:47:06,64.3833,-173.3,28.51,74,0,4.47
249,Oussouye,SN,2022-12-01 01:47:06,12.485,-16.5469,74.73,66,33,6.71
250,Ust-Kulom,RU,2022-12-01 01:47:07,61.6864,53.6902,3.4,99,86,2.48
251,Garowe,SO,2022-12-01 01:47:07,8.4054,48.4845,70.45,78,11,6.29
252,Aswan,EG,2022-12-01 01:47:07,24.0934,32.907,63.59,50,19,8.28
253,Aykhal,RU,2022-12-01 01:47:08,66.0,111.5,-24.3,97,100,17.13
254,Pisco,PE,2022-12-01 01:47:08,-13.7,-76.2167,66.25,82,0,19.57
255,Alofi,NU,2022-12-01 01:47:08,-19.0595,-169.9187,85.89,70,40,6.91
256,Chernyshevskiy,RU,2022-12-01 01:47:09,63.0128,112.4714,-27.78,98,97,3.89
257,Talakan,RU,2022-12-01 01:47:09,50.3167,130.3667,-13.41,89,71,4.0
258,Matay,EG,2022-12-01 01:47:10,28.419,30.7792,58.73,52,0,2.44
259,Bonfim,BR,2022-12-01 01:47:10,3.0833,-59.95,77.79,73,90,7.9
260,Dundee,GB,2022-12-01 01:45:54,56.5,-2.9667,40.24,100,100,4.61
261,Loukhi,RU,2022-12-01 01:47:11,66.0764,33.0381,26.15,96,100,5.1
262,Tiarei,PF,2022-12-01 01:47:11,-17.5333,-149.3333,86.02,81,14,14.9
263,Alta Floresta,BR,2022-12-01 01:47:11,-9.8756,-56.0861,70.57,94,70,1.36
264,Flinders,AU,2022-12-01 01:47:12,-34.5833,150.8552,69.26,63,100,9.17
265,Usinsk,RU,2022-12-01 01:47:12,65.9939,57.5281,-12.14,100,100,4.34
266,Spring Valley,US,2022-12-01 01:47:12,36.108,-115.245,52.99,26,20,3.44
267,Miyako,JP,2022-12-01 01:47:13,39.6367,141.9525,38.68,64,100,3.44
268,Dingle,PH,2022-12-01 01:47:13,10.9995,122.6711,82.4,78,87,14.52
269,Matagami,CA,2022-12-01 01:47:14,49.7502,-77.6328,30.31,74,100,13.8
270,Ariquemes,BR,2022-12-01 01:48:14,-9.9133,-63.0408,74.64,89,95,2.13
271,Samarai,PG,2022-12-01 01:48:14,-10.6167,150.6667,84.27,74,100,3.33
272,Kirkenes,NO,2022-12-01 01:48:15,69.7271,30.0458,34.02,86,100,9.22
273,Crotone,IT,2022-12-01 01:48:15,39.0851,17.1178,55.18,85,100,27.31
274,Tessalit,ML,2022-12-01 01:48:15,20.1986,1.0114,67.1,22,22,6.11
275,Olafsvik,IS,2022-12-01 01:48:16,64.8945,-23.7142,43.27,85,47,32.28
276,Bagua Grande,PE,2022-12-01 01:48:16,-5.7561,-78.4411,79.52,55,84,2.71
277,Deputatskiy,RU,2022-12-01 01:48:17,69.3,139.9,-13.97,99,100,3.04
278,Yeniseysk,RU,2022-12-01 01:48:17,58.4497,92.1703,-0.74,92,100,9.28
279,Micheweni,TZ,2022-12-01 01:48:17,-4.9667,39.8333,77.47,83,89,5.7
280,Taitung,TW,2022-12-01 01:48:18,22.7583,121.1444,73.67,73,75,6.91
281,Jacareacanga,BR,2022-12-01 01:48:18,-6.2222,-57.7528,74.32,93,100,0.92
282,Nalut,LY,2022-12-01 01:44:13,30.3333,10.85,48.07,52,5,4.52
283,Mahebourg,MU,2022-12-01 01:48:19,-20.4081,57.7,73.26,94,75,3.44
284,Chuy,UY,2022-12-01 01:48:19,-33.6971,-53.4616,68.94,91,37,13.11
285,Bathsheba,BB,2022-12-01 01:44:10,13.2167,-59.5167,79.41,78,40,9.22
286,Masallatah,LY,2022-12-01 01:48:19,32.6167,14.0,56.03,56,67,13.87
287,Colares,PT,2022-12-01 01:48:20,38.7992,-9.4469,54.75,95,100,13.0
288,Grindavik,IS,2022-12-01 01:48:20,63.8424,-22.4338,44.55,87,75,29.93
289,Nouakchott,MR,2022-12-01 01:47:31,18.0858,-15.9785,64.33,46,6,12.55
290,Nizhniy Baskunchak,RU,2022-12-01 01:48:21,48.2198,46.8311,23.31,42,0,8.7
291,Atar,MR,2022-12-01 01:48:21,20.5169,-13.0499,68.56,18,4,5.93
292,Touros,BR,2022-12-01 01:44:10,-5.1989,-35.4608,78.35,71,97,10.29
293,Victoria,HK,2022-12-01 01:48:22,22.2855,114.1577,61.32,75,100,11.01
294,Tandil,AR,2022-12-01 01:45:24,-37.3217,-59.1332,56.68,97,100,9.08
295,Padang,ID,2022-12-01 01:48:22,-0.9492,100.3543,78.85,94,100,4.41
296,Bollnas,SE,2022-12-01 01:48:23,61.3482,16.3946,28.44,98,99,0.2
297,Berlevag,NO,2022-12-01 01:45:25,70.8578,29.0864,32.0,80,100,9.22
298,Vanderhoof,CA,2022-12-01 01:48:23,54.0166,-124.0198,-1.46,78,100,6.82
299,Bereznik,RU,2022-12-01 01:48:24,62.8551,42.7072,9.7,96,93,2.3
300,Aitape,PG,2022-12-01 01:48:24,-3.1374,142.3475,84.72,68,100,7.0
301,Rancho Palos Verdes,US,2022-12-01 01:48:24,33.7445,-118.387,58.95,78,13,5.01
302,Kruisfontein,ZA,2022-12-01 01:48:25,-34.0033,24.7314,61.88,87,33,0.92
303,Liaqatabad,PK,2022-12-01 01:48:25,31.5647,74.3029,50.04,93,13,0.0
304,Faya,SA,2022-12-01 01:47:56,18.3851,42.4509,50.52,81,14,0.74
305,Codrington,AU,2022-12-01 01:48:26,-38.2667,141.9667,62.47,69,78,12.26
306,Lumby,CA,2022-12-01 01:48:26,50.2498,-118.969,20.89,93,81,2.3
307,Santa Cruz,BO,2022-12-01 01:45:04,-17.8,-63.1667,74.66,83,75,13.8
308,Wanaque,US,2022-12-01 01:44:04,41.0382,-74.294,51.42,66,100,14.97
309,Isiro,CD,2022-12-01 01:48:27,2.7739,27.616,64.49,99,100,1.57
310,Savinskiy,RU,2022-12-01 01:48:27,62.9342,40.1361,11.35,97,100,2.89
311,Madaba,JO,2022-12-01 01:48:28,31.5833,35.6667,51.71,64,0,6.04
312,Alyangula,AU,2022-12-01 01:48:28,-13.8483,136.4192,88.56,53,97,11.01
313,Vila Franca Do Campo,PT,2022-12-01 01:49:29,37.7167,-25.4333,61.2,86,4,4.99
314,Manjacaze,MZ,2022-12-01 01:49:29,-24.7117,33.8828,67.14,92,29,3.69
315,Sao Gabriel Da Cachoeira,BR,2022-12-01 01:49:30,-0.1303,-67.0892,73.74,98,95,2.66
316,Longyearbyen,SJ,2022-12-01 01:49:30,78.2186,15.6401,35.44,80,75,8.05
317,Shubarkuduk,KZ,2022-12-01 01:49:30,49.1447,56.4872,16.18,39,0,6.26
318,Severnyy,RU,2022-12-01 01:49:31,50.677,36.5532,24.84,63,0,11.18
319,Palmer,US,2022-12-01 01:49:31,42.1584,-72.3287,48.61,75,75,18.41
320,Havoysund,NO,2022-12-01 01:49:31,70.9963,24.6622,35.83,82,40,5.95
321,Ippy,CF,2022-12-01 01:49:32,6.2679,21.2247,70.48,86,100,3.11
322,Nyagan,RU,2022-12-01 01:49:32,62.1406,65.3936,-8.64,100,66,1.03
323,Champerico,GT,2022-12-01 01:49:33,14.3,-91.9167,79.66,80,55,5.32
324,Graham,US,2022-12-01 01:49:33,47.0529,-122.2943,33.62,94,100,9.22
325,Karoi,ZW,2022-12-01 01:49:33,-16.8099,29.6925,58.68,95,22,4.03
326,Sijunjung,ID,2022-12-01 01:49:34,-0.6876,100.9537,76.71,91,100,2.33
327,Bambous Virieux,MU,2022-12-01 01:49:34,-20.3428,57.7575,73.22,94,75,3.44
328,Hasaki,JP,2022-12-01 01:49:08,35.7333,140.8333,52.2,76,100,17.43
329,Kautokeino,NO,2022-12-01 01:49:35,69.0125,23.0412,22.51,97,100,2.42
330,Comodoro Rivadavia,AR,2022-12-01 01:49:16,-45.8667,-67.5,55.26,62,0,4.61
331,Abu Dhabi,AE,2022-12-01 01:49:24,24.4667,54.3667,73.42,78,100,1.14
332,Bardiyah,LY,2022-12-01 01:48:01,31.7561,25.0865,60.58,58,32,13.42
333,Celestun,MX,2022-12-01 01:49:35,20.8667,-90.4,78.28,84,27,16.11
334,Neijiang,CN,2022-12-01 01:49:36,29.5835,105.0622,38.86,95,100,4.92
335,Praia Da Vitoria,PT,2022-12-01 01:49:36,38.7333,-27.0667,59.76,88,75,3.62
336,Brae,GB,2022-12-01 01:49:36,60.3964,-1.353,48.18,84,100,23.8
337,Ciro Marina,IT,2022-12-01 01:49:37,39.3732,17.126,53.76,89,100,30.74
338,Port Hawkesbury,CA,2022-12-01 01:49:37,45.6169,-61.3485,42.39,80,20,17.27
339,Lakatoro,VU,2022-12-01 01:49:37,-16.0999,167.4164,85.46,70,100,11.39
340,Solnechnyy,RU,2022-12-01 01:49:38,50.7214,136.6319,-2.87,76,61,3.53
341,Goderich,CA,2022-12-01 01:46:02,43.7501,-81.7165,32.32,59,100,26.46
342,Alugan,PH,2022-12-01 01:49:38,12.2188,125.4808,82.18,84,99,14.03
343,Nieuw Amsterdam,SR,2022-12-01 01:49:39,5.8833,-55.0833,78.03,88,10,6.46
344,Virginia Beach,US,2022-12-01 01:45:48,36.8529,-75.978,62.64,77,20,11.5
345,Goba,ET,2022-12-01 01:49:39,7.0167,39.9833,43.93,59,27,4.16
346,Evensk,RU,2022-12-01 01:49:39,61.95,159.2333,27.55,97,100,8.5
347,Poltsamaa,EE,2022-12-01 01:49:40,58.6525,25.9706,27.79,96,100,2.84
348,Sekoma,BW,2022-12-01 01:49:40,-24.4,23.8833,72.18,32,0,5.93
349,Margate,GB,2022-12-01 01:49:41,51.3813,1.3862,48.69,84,45,1.99
350,Sayyan,YE,2022-12-01 01:49:41,15.1718,44.3244,45.27,44,0,3.38
351,Ponta Delgada,PT,2022-12-01 01:49:41,37.7333,-25.6667,61.5,94,20,4.61
352,Demirci,TR,2022-12-01 01:49:42,39.0461,28.6589,46.8,90,4,4.92
353,Port Lincoln,AU,2022-12-01 01:49:42,-34.7333,135.8667,65.26,62,2,10.89
354,Togur,RU,2022-12-01 01:49:42,58.3631,82.8265,-23.85,100,7,3.24
355,Conceicao Do Araguaia,BR,2022-12-01 01:49:43,-8.2578,-49.2647,71.13,96,75,3.98
356,Fukue,JP,2022-12-01 01:49:43,32.6881,128.8419,44.96,57,75,16.11
357,La Ronge,CA,2022-12-01 01:46:16,55.1001,-105.2842,-10.95,70,100,6.91
358,Port Macquarie,AU,2022-12-01 01:50:44,-31.4333,152.9167,64.89,74,100,9.19
359,Wellington,NZ,2022-12-01 01:50:44,-41.2866,174.7756,59.92,75,75,13.8
360,Bayan,CN,2022-12-01 01:50:44,46.0833,127.4,-0.33,70,67,12.08
361,Cravo Norte,CO,2022-12-01 01:50:45,6.3017,-70.2041,74.34,87,58,5.82
362,Loandjili,CG,2022-12-01 01:50:45,-4.7561,11.8578,77.11,94,20,2.3
363,Komsomolskiy,UZ,2022-12-01 01:50:45,40.4272,71.7189,50.72,57,100,20.71
364,Broken Hill,AU,2022-12-01 01:47:28,-31.95,141.4333,75.94,29,70,16.53
365,Hami,CN,2022-12-01 01:50:46,42.8,93.45,12.76,19,48,1.77
366,Taoudenni,ML,2022-12-01 01:49:13,22.6783,-3.9836,62.15,23,5,9.31
367,Lasa,IT,2022-12-01 01:49:53,46.6166,10.7002,41.88,80,47,1.66
368,Clyde River,CA,2022-12-01 01:50:47,70.4692,-68.5914,-28.97,62,0,2.3
369,Ramona,US,2022-12-01 01:50:47,33.0417,-116.8681,52.83,75,75,5.75
370,Nioro,GM,2022-12-01 01:50:48,13.35,-15.75,73.85,42,74,6.29
371,Beaumont,US,2022-12-01 01:50:04,30.0861,-94.1019,53.58,50,0,10.36
372,Yaan,NG,2022-12-01 01:50:48,7.3833,8.5667,72.59,29,95,2.57
373,Machaneng,BW,2022-12-01 01:50:49,-23.1862,27.4886,67.87,54,0,8.75
374,Narsaq,GL,2022-12-01 01:50:49,60.9167,-46.05,16.16,90,73,3.6
375,Kilindoni,TZ,2022-12-01 01:50:49,-7.9139,39.6668,78.73,82,99,11.1
376,Geraldton,AU,2022-12-01 01:50:50,-28.7667,114.6,73.81,56,75,11.5
377,Andrews,US,2022-12-01 01:50:50,32.3187,-102.5457,41.29,57,100,3.0
378,Lorengau,PG,2022-12-01 01:50:50,-2.0226,147.2712,84.09,72,100,5.23
379,Coari,BR,2022-12-01 01:50:51,-4.085,-63.1414,74.3,97,82,3.91
380,Taunggyi,MM,2022-12-01 01:50:51,20.7833,97.0333,66.13,83,11,1.61
381,Luderitz,NA,2022-12-01 01:50:52,-26.6481,15.1594,63.12,75,3,10.98
382,Pipri,IN,2022-12-01 01:50:52,19.8,75.5333,63.68,54,100,3.47
383,Hirara,JP,2022-12-01 01:50:52,24.8,125.2833,70.07,94,75,19.57
384,Elizabeth City,US,2022-12-01 01:50:53,36.2946,-76.2511,62.62,94,75,6.91
385,Saint-Augustin,CA,2022-12-01 01:50:53,51.226,-58.6502,9.84,91,100,2.42
386,Cap-Aux-Meules,CA,2022-12-01 01:50:53,47.3821,-61.8597,37.45,75,100,25.32
387,Husavik,IS,2022-12-01 01:50:54,66.0449,-17.3389,41.94,91,70,12.73
388,Mareeba,AU,2022-12-01 01:49:40,-17.0,145.4333,78.44,85,100,1.72
389,Kysyl-Syr,RU,2022-12-01 01:50:54,63.8986,122.7617,-25.44,97,100,5.61
390,Tomar Do Geru,BR,2022-12-01 01:50:54,-11.3733,-37.8406,71.04,94,93,6.76
391,Rocha,UY,2022-12-01 01:50:55,-34.4833,-54.3333,67.37,94,8,11.99
392,Kharan,PK,2022-12-01 01:50:55,28.5833,65.4167,57.15,31,100,4.65
393,Cascais,PT,2022-12-01 01:50:56,38.6979,-9.4215,54.93,94,100,13.0
394,Kyaikkami,MM,2022-12-01 01:50:56,16.08,97.5675,79.99,81,88,7.49
395,Sinegorye,RU,2022-12-01 01:50:56,62.0788,150.477,-22.85,99,100,1.03
396,Sembabule,UG,2022-12-01 01:50:57,-0.0772,31.4567,60.37,96,94,2.59
397,Ngawen,ID,2022-12-01 01:50:57,-7.0032,111.3129,81.75,73,41,8.39
398,Biskamzha,RU,2022-12-01 01:50:57,53.4497,89.5272,-12.15,92,4,2.62
399,Tala,EG,2022-12-01 01:50:58,30.6803,30.9429,56.5,82,0,5.82
400,Lazaro Cardenas,MX,2022-12-01 01:50:58,17.9583,-102.2,76.82,82,25,2.77
401,Maniitsoq,GL,2022-12-01 01:50:58,65.4167,-52.9,19.06,73,82,32.32
402,Hovd,MN,2022-12-01 01:50:59,48.0056,91.6419,-4.83,80,82,4.5
403,Newport,GB,2022-12-01 01:51:59,51.5877,-2.9984,41.54,77,15,2.1
404,Corning,US,2022-12-01 01:52:00,42.1428,-77.0547,35.64,66,100,14.97
405,Kapoeta,SS,2022-12-01 01:52:00,4.7717,33.5903,78.87,48,96,13.09
406,Santa Rosa,PH,2022-12-01 01:52:00,14.3122,121.1114,84.11,90,100,13.51
407,Gornopravdinsk,RU,2022-12-01 01:52:01,60.05,69.9,-14.44,96,77,3.04
408,Broome,US,2022-12-01 01:52:01,42.2506,-75.833,36.01,68,100,17.27
409,Laurinburg,US,2022-12-01 01:52:01,34.7741,-79.4628,57.02,68,46,11.99
410,Rawson,AR,2022-12-01 01:50:29,-43.3002,-65.1023,58.59,60,0,19.53
411,Tigil,RU,2022-12-01 01:51:31,57.8,158.6667,24.8,88,100,8.03
412,Marsa Matruh,EG,2022-12-01 01:52:02,31.3525,27.2453,61.56,59,0,9.57
413,Northam,GB,2022-12-01 01:52:03,51.0333,-4.2167,38.25,85,13,6.31
414,Cancun,MX,2022-12-01 01:47:08,21.1743,-86.8466,80.06,78,10,10.4
415,Severnyy-Kospashskiy,RU,2022-12-01 01:52:03,59.0925,57.8008,11.61,68,95,2.24
416,Atambua,ID,2022-12-01 01:49:08,-9.1061,124.8925,82.89,68,85,2.64
417,Mamakan,RU,2022-12-01 01:52:04,57.8161,114.0028,-1.17,85,100,8.93
418,Valparaiso,CL,2022-12-01 01:52:04,-33.0393,-71.6273,58.64,77,20,8.05
419,Uige,AO,2022-12-01 01:52:04,-7.6087,15.0613,66.24,96,100,1.48
420,Qui Nhon,VN,2022-12-01 01:52:05,13.7667,109.2333,79.61,84,89,13.91
421,Dosso,NE,2022-12-01 01:52:05,13.049,3.1937,70.41,23,7,8.84
422,Ketchikan,US,2022-12-01 01:52:06,55.3422,-131.6461,25.27,39,0,12.66
423,Karpathos,GR,2022-12-01 01:52:06,35.507,27.2132,64.36,77,99,19.57
424,Carauari,BR,2022-12-01 01:52:07,-4.8828,-66.8958,79.3,79,97,1.32
425,Caxias,PT,2022-12-01 01:52:07,38.7031,-9.2767,54.91,95,75,10.36
426,Petropavlovsk-Kamchatskiy,RU,2022-12-01 01:52:07,53.0452,158.6483,30.79,59,20,6.71
427,Santa Rosalia,MX,2022-12-01 01:52:08,27.3167,-112.2833,62.01,68,100,2.3
428,Nikolayevka,RU,2022-12-01 01:52:08,53.1257,47.2041,11.71,97,46,2.53
429,Pedro Leopoldo,BR,2022-12-01 01:52:09,-19.6181,-44.0431,73.15,77,0,10.36
430,Rathdrum,US,2022-12-01 01:52:09,47.8137,-116.892,34.61,94,100,9.22
431,Alamosa,US,2022-12-01 01:52:09,37.4695,-105.87,21.45,62,66,0.98
432,Rawlins,US,2022-12-01 01:52:10,41.7911,-107.2387,28.29,46,0,32.21
433,Aklavik,CA,2022-12-01 01:52:10,68.2191,-135.0107,3.16,97,100,4.0
434,Soyo,AO,2022-12-01 01:52:10,-6.1349,12.3689,77.09,81,100,4.79
435,Jumla,NP,2022-12-01 01:52:11,29.2747,82.1838,43.95,17,0,4.99
436,Ambilobe,MG,2022-12-01 01:52:11,-13.2,49.05,74.64,86,75,0.85
437,Gejiu,CN,2022-12-01 01:52:11,23.306,103.1635,55.6,89,88,5.82
438,Leningradskiy,RU,2022-12-01 01:52:12,69.3833,178.4167,13.14,89,100,10.13
439,Saint Leonard,CA,2022-12-01 01:52:12,47.173,-67.9247,40.41,98,100,21.72
440,Adrar,MR,2022-12-01 01:52:13,20.5022,-10.0711,65.77,21,48,10.07
441,Matara,LK,2022-12-01 01:52:13,5.9485,80.5353,77.32,85,100,2.89
442,Pierre,US,2022-12-01 01:48:01,44.3683,-100.351,21.85,62,0,11.01
443,Krasnyy Yar,RU,2022-12-01 01:52:13,46.5331,48.3456,17.53,35,0,8.12
444,Ondjiva,AO,2022-12-01 01:52:14,-17.0667,15.7333,76.1,43,75,4.76
445,Havelock,US,2022-12-01 01:51:49,34.8791,-76.9013,62.94,88,0,8.05
446,Mormugao,IN,2022-12-01 01:52:14,15.4,73.8,72.66,56,4,8.05
447,San Carlos De Bariloche,AR,2022-12-01 01:50:28,-41.1456,-71.3082,51.55,58,0,13.8
448,Utashinai,JP,2022-12-01 01:53:15,43.5167,142.05,21.58,88,100,14.92
449,Ornes,NO,2022-12-01 01:51:48,66.8689,13.7078,34.03,73,92,4.29
450,Elwood,AU,2022-12-01 01:53:15,-37.8817,144.983,68.85,63,82,5.01
451,Vanimo,PG,2022-12-01 01:53:16,-2.6741,141.3028,79.99,85,100,5.41
452,Douala,CM,2022-12-01 01:53:16,4.0483,9.7043,78.71,94,75,0.0
453,Waingapu,ID,2022-12-01 01:53:16,-9.6567,120.2641,85.46,64,95,2.01
454,Shchors,UA,2022-12-01 01:53:17,51.8186,31.945,27.46,71,100,10.65
455,Ikungi,TZ,2022-12-01 01:53:17,-5.1333,34.7667,61.99,81,100,7.29
456,Yerbogachen,RU,2022-12-01 01:50:30,61.2767,108.0108,-9.15,97,100,5.46
457,Okha,RU,2022-12-01 01:53:18,53.5739,142.9478,0.72,89,76,20.09
458,Baturaja,ID,2022-12-01 01:53:18,-4.1333,104.1667,82.96,74,100,1.21
459,Thunder Bay,CA,2022-12-01 01:51:51,48.4001,-89.3168,21.18,68,100,20.71
460,Luxor,EG,2022-12-01 01:53:19,25.6989,32.6421,57.25,54,0,2.3
461,Bandundu,CD,2022-12-01 01:53:19,-3.3167,17.3667,68.02,96,99,1.01
462,Boa Vista,BR,2022-12-01 01:53:20,2.8197,-60.6733,80.58,74,0,9.22
463,Tavricheskoye,RU,2022-12-01 01:53:20,54.5851,73.6395,-5.1,82,55,8.01
464,Dryden,CA,2022-12-01 01:53:21,49.7833,-92.7503,12.49,79,100,11.5
465,Babu,CN,2022-12-01 01:53:21,24.4167,111.5167,37.33,87,100,8.5
466,Palembang,ID,2022-12-01 01:53:21,-2.9167,104.7458,82.49,83,40,3.44
467,Boende,CD,2022-12-01 01:53:22,-0.2167,20.8667,67.39,99,100,0.67
468,Gat,IL,2022-12-01 01:53:22,31.61,34.7642,58.41,61,0,2.71
469,Belmonte,BR,2022-12-01 01:53:22,-15.8631,-38.8828,76.57,89,100,8.01
470,Caraballeda,VE,2022-12-01 01:53:23,10.6112,-66.8522,78.37,83,75,2.3
471,Bajil,YE,2022-12-01 01:53:23,15.0584,43.2851,74.89,78,2,1.99
472,Faanui,PF,2022-12-01 01:50:04,-16.4833,-151.75,80.49,77,18,13.87
473,Manokwari,ID,2022-12-01 01:49:50,-0.8667,134.0833,80.92,78,100,3.04
474,Winder,US,2022-12-01 01:53:24,33.9926,-83.7202,47.37,54,0,0.0
475,Srednekolymsk,RU,2022-12-01 01:53:24,67.45,153.6833,-11.61,99,100,6.55
476,Hervey Bay,AU,2022-12-01 01:53:25,-25.2986,152.8535,67.01,88,100,15.01
477,Lesnoy,RU,2022-12-01 01:53:25,57.6198,63.0784,1.81,90,92,3.24
478,Antofagasta,CL,2022-12-01 01:53:25,-23.65,-70.4,63.68,80,8,4.54
479,Schmolln,DE,2022-12-01 01:53:26,50.9,12.3667,35.91,94,100,4.61
480,Jiangyou,CN,2022-12-01 01:53:26,31.7667,104.7167,40.21,65,93,2.19
481,Novikovo,RU,2022-12-01 01:53:26,51.1537,37.8879,25.14,56,100,11.68
482,Longyan,CN,2022-12-01 01:53:27,25.1072,117.0225,51.6,93,100,4.23
483,Mgandu,TZ,2022-12-01 01:53:27,-5.95,34.1333,61.77,82,98,4.94
484,Dawlatabad,AF,2022-12-01 01:53:28,36.4141,64.9053,45.09,81,100,5.86
485,Mokhsogollokh,RU,2022-12-01 01:53:28,61.4681,128.9203,-15.74,94,100,6.89
486,Adre,TD,2022-12-01 01:53:28,13.4667,22.2,69.96,27,25,6.73
487,Mossendjo,CG,2022-12-01 01:53:29,-2.9506,12.7261,67.82,98,100,1.59
488,Los Llanos De Aridane,ES,2022-12-01 01:50:00,28.6585,-17.9182,62.35,77,20,10.36
489,Kaitangata,NZ,2022-12-01 01:53:29,-46.2817,169.8464,58.32,62,69,11.1
490,Yenagoa,NG,2022-12-01 01:53:29,4.9247,6.2642,75.25,92,100,2.68
491,Tocopilla,CL,2022-12-01 01:53:30,-22.092,-70.1979,66.09,71,6,8.63
492,Kapuskasing,CA,2022-12-01 01:48:46,49.4169,-82.4331,24.8,80,100,18.41
493,Gweta,BW,2022-12-01 01:53:30,-20.1833,25.2333,70.88,45,27,8.55
494,Blagoyevo,RU,2022-12-01 01:54:31,63.3667,47.9167,9.19,99,98,0.87
495,Copiapo,CL,2022-12-01 01:54:31,-27.3667,-70.3333,58.69,79,2,2.91
496,Bandar-E Lengeh,IR,2022-12-01 01:54:31,26.5579,54.8807,74.7,51,71,3.4
497,Christchurch,NZ,2022-12-01 01:51:04,-43.5333,172.6333,69.42,49,1,3.44
498,Tumut,AU,2022-12-01 01:54:32,-35.3,148.2167,75.29,46,23,6.93
499,Hammerfest,NO,2022-12-01 01:54:32,70.6634,23.6821,32.45,86,75,2.3
500,Timizart,DZ,2022-12-01 01:54:33,36.8,4.2667,48.83,67,100,6.2
501,Ca Mau,VN,2022-12-01 01:54:33,9.1769,105.15,82.49,76,100,10.54
502,Uvira,CD,2022-12-01 01:54:33,-3.4067,29.1458,71.42,82,100,4.18
503,Nakusp,CA,2022-12-01 01:54:34,50.2499,-117.8023,23.34,93,70,2.3
504,Miri,MY,2022-12-01 01:51:02,4.4148,114.0089,80.74,78,40,6.91
505,Tiffin,US,2022-12-01 01:54:34,41.1145,-83.178,29.35,68,48,20.58
506,Kulu,TR,2022-12-01 01:54:35,39.0951,33.0799,46.17,82,60,2.77
507,Canada,ES,2022-12-01 01:54:35,38.6767,-0.8141,49.01,79,98,3.94
508,Lata,PT,2022-12-01 01:54:35,40.1629,-8.3327,50.07,93,98,4.29
509,Mugur-Aksy,RU,2022-12-01 01:54:36,50.35,90.5,-12.98,54,2,5.28
510,Paita,PE,2022-12-01 01:54:36,-5.0892,-81.1144,67.32,84,96,8.97
511,Beloha,MG,2022-12-01 01:54:37,-25.1667,45.05,69.37,91,100,7.4
512,Rorvik,NO,2022-12-01 01:54:37,64.8621,11.2373,37.51,65,100,9.22
513,Lexington,US,2022-12-01 01:52:22,37.9887,-84.4777,33.8,64,0,9.22
514,Tecpan,GT,2022-12-01 01:54:38,14.7623,-90.9947,52.92,90,92,5.41
515,Indiaroba,BR,2022-12-01 01:54:38,-11.5192,-37.5117,72.46,94,98,5.5
516,Tsuyama,JP,2022-12-01 01:54:39,35.05,134.0,45.82,72,98,3.87
517,Ust-Kuyga,RU,2022-12-01 01:54:39,70.0167,135.6,-7.56,97,100,10.49
518,Ouesso,CG,2022-12-01 01:54:39,1.6136,16.0517,68.47,99,100,1.79
519,Wilmington,US,2022-12-01 01:52:44,34.2257,-77.9447,62.51,85,0,9.22
520,Tokur,RU,2022-12-01 01:54:40,53.1333,132.9,-22.43,93,99,4.92
521,Pravia,ES,2022-12-01 01:54:40,43.4906,-6.1508,52.23,82,100,9.22
522,Khasan,RU,2022-12-01 01:54:41,42.4308,130.6434,15.93,47,28,21.83
523,Belyy Yar,RU,2022-12-01 01:51:50,53.6039,91.3903,-19.14,71,20,0.0
524,Nerchinskiy Zavod,RU,2022-12-01 01:54:41,51.3088,119.61,-26.81,93,52,4.79
525,Chifeng,CN,2022-12-01 01:54:41,42.2683,118.9636,11.55,29,0,17.65
